diffSummary,lastChecked,state,updated,url
No significant differences.,2025-08-18T03:31:36.059919Z,Alaska,True,https://dog.dnr.alaska.gov/LeaseSale
"--- before.txt
+++ after.txt
@@ -1 +1 @@
-Request RejectedThe requested URL was rejected. Please consult with your administrator.Your support ID is: < 6919071037219351016>[Go Back]
+Request RejectedThe requested URL was rejected. Please consult with your administrator.Your support ID is: < 6919071037219352816>[Go Back]",2025-08-18T03:31:36.373521Z,Alaska,True,https://dec.alaska.gov/air/air-permit/
"--- before.txt
+++ after.txt
@@ -1 +1 @@
-Request RejectedThe requested URL was rejected. Please consult with your administrator.Your support ID is: < 6919071036773632927>[Go Back]
+Request RejectedThe requested URL was rejected. Please consult with your administrator.Your support ID is: < 6919071036773635183>[Go Back]",2025-08-18T03:31:36.728165Z,Alaska,True,https://dec.alaska.gov/water/wastewater/
"--- before.txt
+++ after.txt
@@ -1 +1 @@
-Request RejectedThe requested URL was rejected. Please consult with your administrator.Your support ID is: < 6919071037219351292>[Go Back]
+Request RejectedThe requested URL was rejected. Please consult with your administrator.Your support ID is: < 6919071036773635339>[Go Back]",2025-08-18T03:31:37.191815Z,Alaska,True,https://dec.alaska.gov/spar/ppr/contingency-plans/
No significant differences.,2025-08-18T03:31:39.762501Z,Alaska,True,https://rca.alaska.gov/RCAWeb/home.aspx
